{
  "project_info": {
    "project_number": "42605418470",
    "firebase_url": "https://cscb07-f18e5-default-rtdb.firebaseio.com",
    "project_id": "cscb07-f18e5",
    "storage_bucket": "cscb07-f18e5.appspot.com"
  },
  "client": [
    {
      "client_info": {
        "mobilesdk_app_id": "1:42605418470:android:9cfafed5ef5498dddde827",
        "android_client_info": {
          "package_name": "com.example.cscb07_project"
        }
      },
      "oauth_client": [
        {
          "client_id": "42605418470-16vurud0a8ad5bl7d87a8553dkqftt3k.apps.googleusercontent.com",
          "client_type": 3
        }
      ],
      "api_key": [
        {
          "current_key": "AIzaSyDOZ82jBbY0VUU0KDOJH3dLIjMbXR06Itw"
        }
      ],
      "services": {
        "appinvite_service": {
          "other_platform_oauth_client": [
            {
              "client_id": "42605418470-16vurud0a8ad5bl7d87a8553dkqftt3k.apps.googleusercontent.com",
              "client_type": 3
            }
          ]
        }
      }
    },
    {
      "client_info": {
        "mobilesdk_app_id": "1:42605418470:android:60c80e6e5fbb4162dde827",
        "android_client_info": {
          "package_name": "com.example.myfirstapp"
        }
      },
      "oauth_client": [
        {
          "client_id": "42605418470-16vurud0a8ad5bl7d87a8553dkqftt3k.apps.googleusercontent.com",
          "client_type": 3
        }
      ],
      "api_key": [
        {
          "current_key": "AIzaSyDOZ82jBbY0VUU0KDOJH3dLIjMbXR06Itw"
        }
      ],
      "services": {
        "appinvite_service": {
          "other_platform_oauth_client": [
            {
              "client_id": "42605418470-16vurud0a8ad5bl7d87a8553dkqftt3k.apps.googleusercontent.com",
              "client_type": 3
            }
          ]
        }
      }
    }
  ],
  "configuration_version": "1"
}